mode,scenario,answer_versions,citation_coverage,citation_validity,decision_accuracy,final_answer_latency_s,first_answer_latency_s,first_retrieval_latency_s,gold_evidence_recall,gold_intent_answered,intent_f1,intent_precision,intent_recall,refinement_correct,retrieval_calls,suppression_correct,total_retrieval_ms,uncertainty_correct,unnecessary_retrievals
streaming-dense,outage_wifi_compensation,4,1.0,1.0,1.0,0.0044,0.8045,0.8027,1.0,1.0,1.0,1.0,1.0,1,6,,9.17,,0
streaming-dense,vpn_mfa_finance,4,1.0,1.0,1.0,0.0033,0.9055,0.9025,1.0,1.0,1.0,1.0,1.0,1,6,,10.02,,1
streaming-dense,query_suppression,2,1.0,1.0,1.0,0.0007,0.0026,0.0016,1.0,1.0,1.0,1.0,1.0,,1,1,1.27,,0
streaming-dense,password_single_intent,1,1.0,1.0,,0.0045,0.9045,0.902,1.0,1.0,1.0,1.0,1.0,,1,,1.36,,0
streaming-dense,slow_speed_upgrade,1,1.0,1.0,,0.0044,1.9044,1.9027,1.0,1.0,1.0,1.0,1.0,,2,,3.27,,0
streaming-dense,remote_worker_outage,2,1.0,1.0,,0.0048,0.9077,0.9042,1.0,1.0,1.0,1.0,1.0,,3,,6.72,,0
streaming-dense,out_of_domain,1,,,,0.0019,0.0019,0.0016,,,1.0,1.0,1.0,,1,,1.19,1,0
streaming-bm25,outage_wifi_compensation,4,1.0,1.0,1.0,0.0057,0.8085,0.8043,1.0,1.0,1.0,1.0,1.0,1,6,,14.31,,0
streaming-bm25,vpn_mfa_finance,4,1.0,1.0,1.0,0.0044,0.9068,0.9037,1.0,1.0,1.0,1.0,1.0,1,6,,12.8,,1
streaming-bm25,query_suppression,2,1.0,1.0,1.0,0.0005,0.0032,0.0018,1.0,1.0,1.0,1.0,1.0,,1,1,1.34,,0
streaming-bm25,password_single_intent,1,1.0,1.0,,0.0045,0.9045,0.9026,1.0,1.0,1.0,1.0,1.0,,1,,1.56,,0
streaming-bm25,slow_speed_upgrade,1,1.0,1.0,,0.0065,1.9065,1.9039,1.0,1.0,1.0,1.0,1.0,,2,,4.27,,0
streaming-bm25,remote_worker_outage,2,1.0,1.0,,0.0047,0.9082,0.9043,1.0,1.0,1.0,1.0,1.0,,3,,6.87,,0
streaming-bm25,out_of_domain,1,,,,0.002,0.002,0.0015,,,1.0,1.0,1.0,,1,,1.03,1,0
streaming-hybrid,outage_wifi_compensation,4,1.0,1.0,1.0,0.0062,0.8087,0.8053,1.0,1.0,1.0,1.0,1.0,1,6,,20.3,,0
streaming-hybrid,vpn_mfa_finance,4,1.0,1.0,1.0,0.0049,0.9081,0.9048,1.0,1.0,1.0,1.0,1.0,1,6,,17.88,,1
streaming-hybrid,query_suppression,2,1.0,1.0,1.0,0.0005,0.0039,0.0025,1.0,1.0,1.0,1.0,1.0,,1,1,1.97,,0
streaming-hybrid,password_single_intent,1,1.0,1.0,,0.0048,0.9048,0.9028,1.0,1.0,1.0,1.0,1.0,,1,,2.0,,0
streaming-hybrid,slow_speed_upgrade,1,1.0,1.0,,0.0067,1.9067,1.9042,1.0,1.0,1.0,1.0,1.0,,2,,5.88,,0
streaming-hybrid,remote_worker_outage,2,1.0,1.0,,0.0049,0.9093,0.9053,1.0,1.0,1.0,1.0,1.0,,3,,9.1,,0
streaming-hybrid,out_of_domain,1,,,,0.0029,0.0029,0.0023,,,1.0,1.0,1.0,,1,,1.77,1,0
